condition,CEBPA,E2F4,KLF1,KLF9,LYL1,MAZ,NFKB1,PBX2,PRDM14,SOX2,SPI1,TCF25,THAP1,ZBTB7A,ZFP263
early_HSPC,-2.1531520840666274,1.7992308511349313,-4.00587302762606,-4.192674090139078,-3.485659196147923,-4.21583526029165,0.21504637487742626,-4.02984019831882,-4.1252628766174775,-1.8670575498716715,3.0195343614169095,4.084030572764038,-4.859876797459081,5.80708762578326,6.182006260845866
early_stroma,0.1510429393102219,-10.3554899350353,1.1320627767759452,-1.2105571062233131,-1.062285942146219,-0.29996716313209454,1.5559767221402023,0.6893488643707189,-0.5784983284917946,4.1744853049594255,0.592659361524619,0.6817928437744821,-1.0460327308477289,0.7417906052405707,0.07709201386806651
late_stroma,-4.050526539029815,-3.2279328560786094,-0.36932631444790365,0.21491251166044745,-5.35028155764708,-1.1014120686595485,-4.378291656929266,0.44015790016782586,-0.5887115043905858,2.378007156096456,-7.405925609414557,1.8301350694044483,-0.2993293834441791,-1.3689524458194966,-2.125275741795052
